{"m_DefineSymbols":{"m_Value":[{"first":1,"second":"UNITY_POST_PROCESSING_STACK_V2"},{"first":4,"second":"UNITY_POST_PROCESSING_STACK_V2"},{"first":7,"second":"UNITY_POST_PROCESSING_STACK_V2"},{"first":13,"second":"UNITY_POST_PROCESSING_STACK_V2"},{"first":14,"second":"UNITY_POST_PROCESSING_STACK_V2"},{"first":19,"second":"UNITY_POST_PROCESSING_STACK_V2"},{"first":21,"second":"UNITY_POST_PROCESSING_STACK_V2"},{"first":25,"second":"UNITY_POST_PROCESSING_STACK_V2"},{"first":27,"second":"UNITY_POST_PROCESSING_STACK_V2"},{"first":28,"second":"UNITY_POST_PROCESSING_STACK_V2"},{"first":29,"second":"UNITY_POST_PROCESSING_STACK_V2"},{"first":30,"second":"UNITY_POST_PROCESSING_STACK_V2"}],"m_Initialized":true},"m_AllowUnsafeCode":{"m_Value":false,"m_Initialized":true},"m_ScriptDebugInfoEnabled":{"m_Value":true,"m_Initialized":true}}